STATION,NAME,DATE,AWND,PGTM,PRCP,TAVG,TMAX,TMIN,WDF2,WDF5,WSF2,WSF5,WT01,WT02,WT04,WT05,WT08,WT09
USW00025333,"SITKA AIRPORT, AK US",2021/1/1,8.72,411,0.01,42,44,40,110,110,21,28,,,,,,
USW00025333,"SITKA AIRPORT, AK US",2021/1/2,7.61,421,0.07,39.5,44,35,110,100,23,25.9,,,,,,
USW00025333,"SITKA AIRPORT, AK US",2021/1/3,6.71,1506,0.29,39.5,43,36,230,220,23.9,29.1,,,,,,
USW00025333,"SITKA AIRPORT, AK US",2021/1/4,15.88,440,0.25,42,45,39,110,90,31.1,42.9,,,,,,
USW00025333,"SITKA AIRPORT, AK US",2021/1/5,19.24,1321,0.57,42.5,45,40,170,190,45,65.1,,,,,,
USW00025333,"SITKA AIRPORT, AK US",2021/1/6,12.97,955,0.24,41.5,44,39,110,190,21,30,,,,,,
USW00025333,"SITKA AIRPORT, AK US",2021/1/7,19.24,711,0.07,45,48,42,110,130,33.1,44.1,,,,,,
USW00025333,"SITKA AIRPORT, AK US",2021/1/8,10.74,1520,0.32,42.5,48,37,290,290,29.1,35.1,,,,,,
USW00025333,"SITKA AIRPORT, AK US",2021/1/9,19.01,1354,0,42,46,38,110,120,33.1,45,,,,,,
USW00025333,"SITKA AIRPORT, AK US",2021/1/10,16.55,155,0.76,43.5,46,41,120,110,33.1,42.9,,,,,,
USW00025333,"SITKA AIRPORT, AK US",2021/1/11,12.08,439,0.37,41,44,38,190,190,23,35.1,,,,,,
USW00025333,"SITKA AIRPORT, AK US",2021/1/12,13.42,1037,0.46,39,44,34,220,230,36,45,,,,,,
USW00025333,"SITKA AIRPORT, AK US",2021/1/13,6.93,623,0.89,36.5,39,34,90,130,14.1,16.1,,,,,,
USW00025333,"SITKA AIRPORT, AK US",2021/1/14,20.58,1630,0.53,42,47,37,100,90,36,50.1,,,,,,
USW00025333,"SITKA AIRPORT, AK US",2021/1/15,14.76,418,0.79,44.5,48,41,170,170,36,47,,,,,,
USW00025333,"SITKA AIRPORT, AK US",2021/1/16,17.22,1406,0.31,44.5,47,42,110,110,32,42.9,,,,,,
USW00025333,"SITKA AIRPORT, AK US",2021/1/17,9.62,517,0.46,42.5,46,39,220,220,23,32,,,,,,
USW00025333,"SITKA AIRPORT, AK US",2021/1/18,17.22,1610,1.5,44.5,48,41,150,160,36.9,51,,,,,,
USW00025333,"SITKA AIRPORT, AK US",2021/1/19,11.63,205,0.29,39,42,36,260,260,31.1,42.9,,,,,1,
USW00025333,"SITKA AIRPORT, AK US",2021/1/20,2.91,517,0.02,37,38,36,100,80,8.1,10.1,,,,,,
USW00025333,"SITKA AIRPORT, AK US",2021/1/21,3.58,1602,0.01,37.5,41,34,10,10,14.1,19,,,,,,
USW00025333,"SITKA AIRPORT, AK US",2021/1/22,2.91,1151,0.01,37,40,34,310,80,8.9,11,,,,,,
USW00025333,"SITKA AIRPORT, AK US",2021/1/23,4.7,1534,0.29,36.5,38,35,100,110,15,18.1,,,,,,
USW00025333,"SITKA AIRPORT, AK US",2021/1/24,3.58,1000,0.01,34.5,39,30,320,320,8.9,10.1,,,,,,
USW00025333,"SITKA AIRPORT, AK US",2021/1/25,2.01,537,0,32.5,37,28,330,330,8.1,8.9,,,,,,
USW00025333,"SITKA AIRPORT, AK US",2021/1/26,3.36,1307,0,30,36,24,340,330,15,19.9,,,,,,
USW00025333,"SITKA AIRPORT, AK US",2021/1/27,4.7,1500,0,26.5,30,23,80,80,13,16.1,,,,,,
USW00025333,"SITKA AIRPORT, AK US",2021/1/28,8.5,2353,0,29,36,22,110,100,23,29.1,,,,,,
USW00025333,"SITKA AIRPORT, AK US",2021/1/29,16.78,100,0,36.5,40,33,110,100,25.1,31.1,,,,,,
USW00025333,"SITKA AIRPORT, AK US",2021/1/30,8.05,17,0,37.5,42,33,120,120,19.9,23.9,,,,,,
USW00025333,"SITKA AIRPORT, AK US",2021/1/31,3.36,1121,0,36,43,29,320,330,12.1,13,,,,,,
USW00025333,"SITKA AIRPORT, AK US",2021/2/1,7.83,1030,0.17,34.5,38,31,110,130,17,21.9,,,,,,
USW00025333,"SITKA AIRPORT, AK US",2021/2/2,5.82,234,0,33.5,38,29,100,110,18.1,25.9,,,,,,
USW00025333,"SITKA AIRPORT, AK US",2021/2/3,6.93,1432,0.44,36.5,40,33,100,100,14.1,19,,,,,,
USW00025333,"SITKA AIRPORT, AK US",2021/2/4,6.93,1601,0,36.5,39,34,330,330,21.9,25.1,,,,,,
USW00025333,"SITKA AIRPORT, AK US",2021/2/5,4.03,1331,0.17,35.5,37,34,110,110,8.9,12.1,,,,,,
USW00025333,"SITKA AIRPORT, AK US",2021/2/6,5.82,1407,0,33,37,29,330,330,21.9,25.9,,,,,,
USW00025333,"SITKA AIRPORT, AK US",2021/2/7,6.93,2206,0,31.5,36,27,110,100,18.1,23,,,,,,
USW00025333,"SITKA AIRPORT, AK US",2021/2/8,12.3,938,0.01,23,30,16,100,100,23,36.9,,,,,,
USW00025333,"SITKA AIRPORT, AK US",2021/2/9,10.74,1551,0,15,17,13,110,120,21,25.9,,,,,,
USW00025333,"SITKA AIRPORT, AK US",2021/2/10,4.03,2359,0,21,30,12,80,70,13,16.1,,,,,,
USW00025333,"SITKA AIRPORT, AK US",2021/2/11,9.62,58,0,30.5,37,24,100,90,25.1,36.9,,,,,,
USW00025333,"SITKA AIRPORT, AK US",2021/2/12,10.07,624,0,34,39,29,90,100,23.9,33.1,,,,,,
USW00025333,"SITKA AIRPORT, AK US",2021/2/13,5.82,2156,0,32,38,26,100,100,14.1,18.1,,,,,,
USW00025333,"SITKA AIRPORT, AK US",2021/2/14,5.82,1536,0,33.5,37,30,110,110,16.1,19.9,,,,,,
USW00025333,"SITKA AIRPORT, AK US",2021/2/15,4.03,1734,0,30.5,35,26,320,310,13,15,,,,,,
USW00025333,"SITKA AIRPORT, AK US",2021/2/16,4.92,1935,0.17,33.5,38,29,90,80,8.9,11,,,,,,
USW00025333,"SITKA AIRPORT, AK US",2021/2/17,10.51,2347,0,38.5,43,34,100,100,21.9,29.1,,,,,,
USW00025333,"SITKA AIRPORT, AK US",2021/2/18,20.8,517,0.33,40.5,43,38,110,110,31.1,49,,,,,,
USW00025333,"SITKA AIRPORT, AK US",2021/2/19,18.57,810,0.6,36.5,42,31,250,230,35.1,44.1,,,,,,
USW00025333,"SITKA AIRPORT, AK US",2021/2/20,14.76,1109,1.44,37.5,44,31,110,100,25.1,32,,,,,,
USW00025333,"SITKA AIRPORT, AK US",2021/2/21,15.21,410,0.43,40.5,44,37,260,230,29.1,38.9,,,,,,
USW00025333,"SITKA AIRPORT, AK US",2021/2/22,10.29,1849,0.82,37.5,42,33,260,250,25.1,31.1,,,,,1,
USW00025333,"SITKA AIRPORT, AK US",2021/2/23,6.71,250,0.07,35,38,32,290,290,21.9,31.1,,,,,,
USW00025333,"SITKA AIRPORT, AK US",2021/2/24,15.88,1524,0.04,36.5,39,34,110,120,30,44.1,,,,,,
USW00025333,"SITKA AIRPORT, AK US",2021/2/25,14.32,1318,0.42,38.5,42,35,290,300,32,40,,,,,,
USW00025333,"SITKA AIRPORT, AK US",2021/2/26,7.38,121,0.03,40,43,37,310,290,25.1,29.1,,,,,,
USW00025333,"SITKA AIRPORT, AK US",2021/2/27,11.18,2058,1.45,40,44,36,100,100,17,23,1,,,,,
USW00025333,"SITKA AIRPORT, AK US",2021/2/28,16.78,1244,0.93,39.5,45,34,210,220,29.1,40,1,,1,,1,
USW00025333,"SITKA AIRPORT, AK US",2021/3/1,13.65,1113,0.47,37.5,41,34,220,220,28,34,,,,,,
USW00025333,"SITKA AIRPORT, AK US",2021/3/2,8.95,618,0.63,37,41,33,240,240,21.9,28,,,,1,1,
USW00025333,"SITKA AIRPORT, AK US",2021/3/3,7.38,1129,0.2,36.5,41,32,110,110,21,25.9,,,,,,
USW00025333,"SITKA AIRPORT, AK US",2021/3/4,5.82,2014,0.07,38,43,33,110,110,17,21.9,,,,,,
USW00025333,"SITKA AIRPORT, AK US",2021/3/5,12.3,1133,0.35,39.5,43,36,130,130,25.9,32,1,,,,,
USW00025333,"SITKA AIRPORT, AK US",2021/3/6,8.72,1802,0.01,39,43,35,110,100,17,23,,,,,,
USW00025333,"SITKA AIRPORT, AK US",2021/3/7,3.8,207,0,42.5,47,38,330,100,12.1,15,,,,,,
USW00025333,"SITKA AIRPORT, AK US",2021/3/8,4.47,349,0.28,35,40,30,330,330,15,16.1,,,,,,
USW00025333,"SITKA AIRPORT, AK US",2021/3/9,6.26,1612,0,34.5,41,28,320,320,18.1,21,,,,,,
USW00025333,"SITKA AIRPORT, AK US",2021/3/10,9.62,2325,0.15,38,40,36,180,190,23,32,1,,,,1,
USW00025333,"SITKA AIRPORT, AK US",2021/3/11,9.62,246,0.08,36.5,41,32,250,250,23.9,30,1,,,,1,1
USW00025333,"SITKA AIRPORT, AK US",2021/3/12,6.49,752,0.1,33,37,29,330,170,15,21,1,,,,1,
USW00025333,"SITKA AIRPORT, AK US",2021/3/13,12.08,745,0,31,35,27,330,330,21.9,25.9,,,,,,
USW00025333,"SITKA AIRPORT, AK US",2021/3/14,8.05,2355,0,28.5,34,23,100,100,23,28,,,,,,
USW00025333,"SITKA AIRPORT, AK US",2021/3/15,16.11,521,1.77,36,40,32,100,110,29.1,36.9,,,,,,
USW00025333,"SITKA AIRPORT, AK US",2021/3/16,9.17,2050,0.21,37.5,42,33,110,100,23.9,32,,,,,,
USW00025333,"SITKA AIRPORT, AK US",2021/3/17,19.01,1110,0.07,39,43,35,160,150,42.9,69.1,,,,,,
USW00025333,"SITKA AIRPORT, AK US",2021/3/18,6.71,2331,0,35.5,40,31,110,110,14.1,17,,,,,,
USW00025333,"SITKA AIRPORT, AK US",2021/3/19,8.5,1328,0.24,33.5,37,30,230,280,25.9,35.1,,,,,,
USW00025333,"SITKA AIRPORT, AK US",2021/3/20,13.2,1813,0,34,39,29,100,100,23.9,31.1,,,,,,
USW00025333,"SITKA AIRPORT, AK US",2021/3/21,8.05,49,0.53,39,43,35,110,120,21.9,29.1,,,,,,
USW00025333,"SITKA AIRPORT, AK US",2021/3/22,7.38,18,0.22,39,42,36,250,180,18.1,27.1,,,,,,
USW00025333,"SITKA AIRPORT, AK US",2021/3/23,9.4,431,0.92,39.5,42,37,100,110,23.9,30,1,,,,,
USW00025333,"SITKA AIRPORT, AK US",2021/3/24,10.96,756,0.2,38,40,36,290,300,23.9,28,,,,,,
USW00025333,"SITKA AIRPORT, AK US",2021/3/25,6.04,2129,0.21,38,41,35,220,230,15,18.1,,,,,,
USW00025333,"SITKA AIRPORT, AK US",2021/3/26,5.59,123,0.52,38.5,42,35,220,220,13,14.1,,,,,,
USW00025333,"SITKA AIRPORT, AK US",2021/3/27,6.93,1907,0.56,35.5,39,32,290,300,30,35.1,,,,,,
USW00025333,"SITKA AIRPORT, AK US",2021/3/28,10.07,1023,0.01,36,41,31,320,330,21,25.1,,,,,,
USW00025333,"SITKA AIRPORT, AK US",2021/3/29,6.93,2234,0.47,36.5,41,32,250,260,14.1,17,,,,,,
USW00025333,"SITKA AIRPORT, AK US",2021/3/30,12.3,1703,0.83,39,41,37,190,210,23.9,32,,,,,,
USW00025333,"SITKA AIRPORT, AK US",2021/3/31,10.07,44,1.18,37,41,33,180,160,23.9,34,,,,,,
USW00025333,"SITKA AIRPORT, AK US",2021/4/1,8.28,2152,0.28,33.5,36,31,120,110,18.1,25.1,,,,,,1
USW00025333,"SITKA AIRPORT, AK US",2021/4/2,7.16,247,0.13,35.5,38,33,110,100,23,29.1,,,,,,
USW00025333,"SITKA AIRPORT, AK US",2021/4/3,4.25,1538,0.1,36.5,41,32,300,230,10.1,12.1,,,,,,
USW00025333,"SITKA AIRPORT, AK US",2021/4/4,8.5,2344,0.19,38,41,35,230,200,16.1,19,,,,,,
USW00025333,"SITKA AIRPORT, AK US",2021/4/5,8.05,58,0.71,37,40,34,230,210,17,23.9,,,,,,
USW00025333,"SITKA AIRPORT, AK US",2021/4/6,5.59,356,0.17,35,38,32,250,260,15,21,,,,,,
USW00025333,"SITKA AIRPORT, AK US",2021/4/7,7.61,1711,0,35.5,41,30,320,220,19.9,25.9,,,,,,
USW00025333,"SITKA AIRPORT, AK US",2021/4/8,16.11,2205,0.59,35,39,31,230,230,33.1,38,,,,,,
USW00025333,"SITKA AIRPORT, AK US",2021/4/9,8.05,136,0.26,35.5,39,32,230,240,21.9,25.1,,,,,,
USW00025333,"SITKA AIRPORT, AK US",2021/4/10,5.82,1050,0.08,33,36,30,300,300,19.9,23,,,,,,
USW00025333,"SITKA AIRPORT, AK US",2021/4/11,5.37,2313,0,36,41,31,120,120,13,15,,,,,,
USW00025333,"SITKA AIRPORT, AK US",2021/4/12,11.41,2237,0.12,39,41,37,110,110,18.1,23,,,,,,
USW00025333,"SITKA AIRPORT, AK US",2021/4/13,14.76,421,0.31,42,45,39,110,100,23.9,30,1,,,,,
USW00025333,"SITKA AIRPORT, AK US",2021/4/14,6.71,435,0.06,42.5,45,40,110,100,14.1,18.1,,,,,,
USW00025333,"SITKA AIRPORT, AK US",2021/4/15,1.12,1259,0,43.5,48,39,230,220,6.9,8.1,,,,,,
USW00025333,"SITKA AIRPORT, AK US",2021/4/16,2.01,1823,0,43,50,36,330,330,6.9,8.1,,,,,,
USW00025333,"SITKA AIRPORT, AK US",2021/4/17,0.89,2030,0,46.5,56,37,220,100,6.9,8.1,,,,,,
USW00025333,"SITKA AIRPORT, AK US",2021/4/18,6.93,1043,0,54,67,41,80,110,15,19.9,,,,,,
USW00025333,"SITKA AIRPORT, AK US",2021/4/19,3.58,1134,0,53.5,61,46,230,230,14.1,17,,,,,,
USW00025333,"SITKA AIRPORT, AK US",2021/4/20,9.4,1509,0,46.5,51,42,280,280,19.9,21.9,,,,,,
USW00025333,"SITKA AIRPORT, AK US",2021/4/21,6.71,1512,0,49,57,41,330,330,19.9,23,,,,,,
USW00025333,"SITKA AIRPORT, AK US",2021/4/22,3.8,1413,0,44.5,52,37,230,230,10.1,12.1,,,,,,
USW00025333,"SITKA AIRPORT, AK US",2021/4/23,,,0,18.5,,37,,,,,,,,,,
USW00025333,"SITKA AIRPORT, AK US",2021/4/24,4.92,1053,0,52.5,63,42,130,120,13,18.1,,,,,,
USW00025333,"SITKA AIRPORT, AK US",2021/4/25,2.91,2207,0,50.5,60,41,90,100,8.1,10.1,,,,,,
USW00025333,"SITKA AIRPORT, AK US",2021/4/26,2.01,1736,0,46,53,39,230,230,8.9,11,,,,,,
USW00025333,"SITKA AIRPORT, AK US",2021/4/27,9.17,1045,0.23,47.5,50,45,110,110,21,25.1,,,,,,
USW00025333,"SITKA AIRPORT, AK US",2021/4/28,5.82,1321,0.17,47.5,51,44,310,330,12.1,14.1,,,,,,
USW00025333,"SITKA AIRPORT, AK US",2021/4/29,7.61,1624,0.94,46,48,44,220,200,18.1,21.9,,,,,,
USW00025333,"SITKA AIRPORT, AK US",2021/4/30,6.71,514,0.79,45,47,43,110,120,15,19,,,,,,
USW00025333,"SITKA AIRPORT, AK US",2021/5/1,6.04,46,0.06,42.5,48,37,300,300,15,16.1,,,,,,
USW00025333,"SITKA AIRPORT, AK US",2021/5/2,7.38,1509,0,44,50,38,140,140,19.9,25.1,,,,,,
USW00025333,"SITKA AIRPORT, AK US",2021/5/3,7.61,1533,0.38,46.5,49,44,190,190,18.1,25.1,,,,,,
USW00025333,"SITKA AIRPORT, AK US",2021/5/4,4.92,11,0.37,45,48,42,130,110,13,17,,,,,,
USW00025333,"SITKA AIRPORT, AK US",2021/5/5,6.71,2127,0,48,55,41,130,100,16.1,23.9,,,,,,
USW00025333,"SITKA AIRPORT, AK US",2021/5/6,8.5,543,0.03,54.5,63,46,110,100,21,28,,,,,,
USW00025333,"SITKA AIRPORT, AK US",2021/5/7,3.36,1329,0,50.5,56,45,230,260,13,15,,,,,,
USW00025333,"SITKA AIRPORT, AK US",2021/5/8,5.82,1149,0.07,48,50,46,210,210,15,19,,,,,,
USW00025333,"SITKA AIRPORT, AK US",2021/5/9,4.92,35,0.12,46,49,43,300,300,16.1,18.1,,,,,,
USW00025333,"SITKA AIRPORT, AK US",2021/5/10,8.05,1856,0,47,52,42,110,100,18.1,23.9,,,,,,
USW00025333,"SITKA AIRPORT, AK US",2021/5/11,5.59,118,0.03,47,49,45,200,200,19.9,25.9,,,,,,
USW00025333,"SITKA AIRPORT, AK US",2021/5/12,4.25,1646,0.14,46,49,43,270,230,8.9,13,,,,,,
USW00025333,"SITKA AIRPORT, AK US",2021/5/13,7.61,1523,0.33,45,47,43,190,200,16.1,21,,,,,,
USW00025333,"SITKA AIRPORT, AK US",2021/5/14,9.84,1112,0.78,47,49,45,110,200,17,21.9,1,,,,,
USW00025333,"SITKA AIRPORT, AK US",2021/5/15,9.4,425,0.32,45,48,42,220,180,16.1,19.9,,,,,,
USW00025333,"SITKA AIRPORT, AK US",2021/5/16,6.49,1528,0.02,44,49,39,330,330,12.1,16.1,,,,,,
USW00025333,"SITKA AIRPORT, AK US",2021/5/17,7.38,1344,0,44,52,36,290,330,18.1,21.9,,,,,,
USW00025333,"SITKA AIRPORT, AK US",2021/5/18,10.74,1855,0,47,56,38,310,300,21.9,25.1,,,,,,
USW00025333,"SITKA AIRPORT, AK US",2021/5/19,9.62,1725,0,51.5,57,46,300,310,18.1,21,,,,,,
USW00025333,"SITKA AIRPORT, AK US",2021/5/20,5.59,2046,0,46.5,52,41,210,200,14.1,16.1,,,,,,
USW00025333,"SITKA AIRPORT, AK US",2021/5/21,10.07,637,0.38,50,53,47,120,110,23,31.1,,,,,,
USW00025333,"SITKA AIRPORT, AK US",2021/5/22,7.61,935,0.63,47,49,45,170,170,17,25.1,,,,,,
USW00025333,"SITKA AIRPORT, AK US",2021/5/23,6.04,2140,0.07,48.5,53,44,310,320,13,13,,,,,,
USW00025333,"SITKA AIRPORT, AK US",2021/5/24,6.04,1159,0.01,47,50,44,310,310,14.1,15,,,,,,
USW00025333,"SITKA AIRPORT, AK US",2021/5/25,5.82,1414,0.05,47,51,43,200,190,14.1,17,,,,,,
USW00025333,"SITKA AIRPORT, AK US",2021/5/26,6.04,1738,0,48,51,45,330,340,15,17,,,,,,
USW00025333,"SITKA AIRPORT, AK US",2021/5/27,8.05,2355,0,47.5,51,44,320,240,14.1,19.9,,,,,,
USW00025333,"SITKA AIRPORT, AK US",2021/5/28,9.17,1254,0.32,47,49,45,190,190,19.9,28,,,,,,
USW00025333,"SITKA AIRPORT, AK US",2021/5/29,12.3,2153,0.03,52,57,47,130,130,21,25.9,,,,,,
USW00025333,"SITKA AIRPORT, AK US",2021/5/30,7.16,158,0.17,54,58,50,100,100,16.1,19.9,,,,,,
USW00025333,"SITKA AIRPORT, AK US",2021/5/31,11.41,2042,0.79,54.5,58,51,110,200,23,31.1,,,,,,
USW00025333,"SITKA AIRPORT, AK US",2021/6/1,3.58,8,0.02,53,56,50,210,210,15,19,,,,,,
USW00025333,"SITKA AIRPORT, AK US",2021/6/2,11.18,2150,0.22,51,53,49,190,180,21,25.9,,,,,,
USW00025333,"SITKA AIRPORT, AK US",2021/6/3,6.93,110,0.5,49,51,47,190,190,17,23,,,,,,
USW00025333,"SITKA AIRPORT, AK US",2021/6/4,5.37,829,0.05,51.5,56,47,100,100,21.9,27.1,,,,,,
USW00025333,"SITKA AIRPORT, AK US",2021/6/5,5.82,1956,0.01,52.5,58,47,320,300,14.1,15,,,,,,
USW00025333,"SITKA AIRPORT, AK US",2021/6/6,3.36,1006,0,51,54,48,230,270,8.1,8.9,,,,,,
USW00025333,"SITKA AIRPORT, AK US",2021/6/7,3.8,1555,0,53,58,48,210,210,8.9,11,,,,,,
USW00025333,"SITKA AIRPORT, AK US",2021/6/8,3.58,1506,0,52.5,59,46,230,220,8.9,12.1,,,,,,
USW00025333,"SITKA AIRPORT, AK US",2021/6/9,6.49,1035,0,51,53,49,220,220,14.1,17,,,,,,
USW00025333,"SITKA AIRPORT, AK US",2021/6/10,2.91,1916,0,52.5,55,50,320,340,12.1,14.1,,,,,,
USW00025333,"SITKA AIRPORT, AK US",2021/6/11,4.47,1718,0,54.5,59,50,310,290,16.1,19.9,,,,,,
USW00025333,"SITKA AIRPORT, AK US",2021/6/12,3.58,305,0,54,61,47,320,330,8.9,11,,,,,,
USW00025333,"SITKA AIRPORT, AK US",2021/6/13,6.93,1607,0,58,67,49,300,310,19.9,21,,,,,,
USW00025333,"SITKA AIRPORT, AK US",2021/6/14,3.8,1405,0,58.5,64,53,230,230,13,15,,,,,,
USW00025333,"SITKA AIRPORT, AK US",2021/6/15,9.62,1922,0.05,56,58,54,190,210,16.1,21,,,,,,
USW00025333,"SITKA AIRPORT, AK US",2021/6/16,4.25,11,0,56,60,52,190,190,13,18.1,,,,,,
USW00025333,"SITKA AIRPORT, AK US",2021/6/17,6.26,1152,0,59.5,66,53,230,230,14.1,16.1,,,,,,
USW00025333,"SITKA AIRPORT, AK US",2021/6/18,6.93,1148,0.08,55,58,52,190,190,21.9,27.1,,,,,,
USW00025333,"SITKA AIRPORT, AK US",2021/6/19,5.59,2120,0,58.5,68,49,330,200,12.1,13,,,,,,
USW00025333,"SITKA AIRPORT, AK US",2021/6/20,9.84,1931,0.72,55.5,59,52,200,200,25.1,33.1,,,,,,
USW00025333,"SITKA AIRPORT, AK US",2021/6/21,7.16,544,0.08,52.5,55,50,230,230,15,17,,,,,,
USW00025333,"SITKA AIRPORT, AK US",2021/6/22,2.01,1144,0.02,52.5,56,49,230,240,6.9,8.1,1,,,,,
USW00025333,"SITKA AIRPORT, AK US",2021/6/23,5.82,2332,0.95,57.5,63,52,170,160,21.9,29.1,,,,,,
USW00025333,"SITKA AIRPORT, AK US",2021/6/24,12.53,600,1.51,59,63,55,190,190,28,38,,,,,,
USW00025333,"SITKA AIRPORT, AK US",2021/6/25,6.26,1253,0.06,57,59,55,220,220,23,29.1,1,,,,,
USW00025333,"SITKA AIRPORT, AK US",2021/6/26,4.7,2226,0,58.5,63,54,330,330,8.9,11,,,,,,
USW00025333,"SITKA AIRPORT, AK US",2021/6/27,4.25,1848,0,66,78,54,330,330,17,19,,,,,,
USW00025333,"SITKA AIRPORT, AK US",2021/6/28,9.17,1547,0,66,75,57,320,320,23,25.9,,,,,,
USW00025333,"SITKA AIRPORT, AK US",2021/6/29,13.65,1345,0,57.5,61,54,300,300,21.9,23,1,,,,1,
USW00025333,"SITKA AIRPORT, AK US",2021/6/30,11.63,1229,0,57.5,62,53,300,290,17,19,,,,,,
USW00025333,"SITKA AIRPORT, AK US",2021/7/1,9.84,1426,0.01,57,61,53,300,300,17,19,,,,,,
USW00025333,"SITKA AIRPORT, AK US",2021/7/2,8.28,837,0,56,60,52,310,310,14.1,15,,,,,,
USW00025333,"SITKA AIRPORT, AK US",2021/7/3,9.62,1917,0,60,66,54,330,330,21,23,,,,,,
USW00025333,"SITKA AIRPORT, AK US",2021/7/4,12.53,1519,0,57.5,60,55,310,310,19.9,21.9,,,,,,
USW00025333,"SITKA AIRPORT, AK US",2021/7/5,11.63,1700,0,60,65,55,300,310,19.9,23,,,,,,
USW00025333,"SITKA AIRPORT, AK US",2021/7/6,8.72,229,0,56.5,59,54,330,330,15,17,,,,,,
USW00025333,"SITKA AIRPORT, AK US",2021/7/7,4.03,1416,0,55.5,58,53,230,230,12.1,13,,,,,,
USW00025333,"SITKA AIRPORT, AK US",2021/7/8,3.58,1051,0.07,55.5,58,53,210,260,8.9,12.1,,,,,,
USW00025333,"SITKA AIRPORT, AK US",2021/7/9,4.7,118,0.1,55,57,53,190,190,14.1,19,,,,,,
USW00025333,"SITKA AIRPORT, AK US",2021/7/10,3.8,920,0,55.5,60,51,290,280,10.1,12.1,,,,,,
USW00025333,"SITKA AIRPORT, AK US",2021/7/11,8.05,1505,0.01,55.5,60,51,200,200,19.9,28,,,,,,
USW00025333,"SITKA AIRPORT, AK US",2021/7/12,9.4,423,0.29,57,60,54,110,110,19.9,25.1,,,,,,
USW00025333,"SITKA AIRPORT, AK US",2021/7/13,4.7,1650,0.13,54.5,57,52,230,230,12.1,13,,,,,,
USW00025333,"SITKA AIRPORT, AK US",2021/7/14,2.68,242,0.21,54.5,58,51,230,90,6.9,10.1,,,,,,
USW00025333,"SITKA AIRPORT, AK US",2021/7/15,3.58,755,0.1,55,60,50,330,340,10.1,11,,,,,,
USW00025333,"SITKA AIRPORT, AK US",2021/7/16,2.68,1504,0.03,57.5,61,54,220,230,8.1,8.9,1,,,,,
USW00025333,"SITKA AIRPORT, AK US",2021/7/17,2.24,1429,0.05,59.5,63,56,300,240,6.9,10.1,,,,,,
USW00025333,"SITKA AIRPORT, AK US",2021/7/18,1.57,1405,0.04,60,63,57,220,220,6.9,8.9,,,,,,
USW00025333,"SITKA AIRPORT, AK US",2021/7/19,7.61,1650,0,62.5,70,55,310,320,21,21.9,,,,,,
USW00025333,"SITKA AIRPORT, AK US",2021/7/20,9.17,426,0,60,64,56,330,330,16.1,19,,,,,,
USW00025333,"SITKA AIRPORT, AK US",2021/7/21,5.37,1521,0.01,56.5,59,54,230,230,13,15,,,,,,
USW00025333,"SITKA AIRPORT, AK US",2021/7/22,9.17,2223,0.03,59,63,55,110,100,18.1,25.1,,,,,,
USW00025333,"SITKA AIRPORT, AK US",2021/7/23,7.38,1405,0.31,58.5,61,56,110,210,17,23,,,,,,
USW00025333,"SITKA AIRPORT, AK US",2021/7/24,5.59,949,0.17,56,58,54,180,180,18.1,25.1,,,,,,
USW00025333,"SITKA AIRPORT, AK US",2021/7/25,2.91,1134,0.08,55.5,59,52,220,220,6.9,11,,,,,,
USW00025333,"SITKA AIRPORT, AK US",2021/7/26,3.8,1111,0,56.5,64,49,220,230,12.1,13,,,,,,
USW00025333,"SITKA AIRPORT, AK US",2021/7/27,2.91,34,0.03,59.5,62,57,200,200,8.9,11,,,,,,
USW00025333,"SITKA AIRPORT, AK US",2021/7/28,5.82,1824,0,61,70,52,310,310,17,19,,,,,,
USW00025333,"SITKA AIRPORT, AK US",2021/7/29,2.91,1132,0,61,70,52,220,220,8.9,10.1,,,,,,
USW00025333,"SITKA AIRPORT, AK US",2021/7/30,3.58,1158,0,66.5,73,60,230,230,14.1,18.1,,,,,,
USW00025333,"SITKA AIRPORT, AK US",2021/7/31,4.47,1623,0,57,66,48,230,230,12.1,13,,,,,,
USW00025333,"SITKA AIRPORT, AK US",2021/8/1,3.58,156,0.01,62.5,66,59,220,220,8.9,11,,,,,,
USW00025333,"SITKA AIRPORT, AK US",2021/8/2,6.04,1306,0.05,58.5,62,55,210,210,16.1,19,,,,,,
USW00025333,"SITKA AIRPORT, AK US",2021/8/3,4.92,1551,0.15,61,67,55,110,100,16.1,19,,,,,,
USW00025333,"SITKA AIRPORT, AK US",2021/8/4,6.04,2042,0.4,62.5,65,60,200,190,18.1,23.9,,,,,,
USW00025333,"SITKA AIRPORT, AK US",2021/8/5,5.14,1039,0,62,69,55,220,110,15,19,,,,,,
USW00025333,"SITKA AIRPORT, AK US",2021/8/6,4.25,1134,0.04,59,63,55,200,210,15,19,,,,,,
USW00025333,"SITKA AIRPORT, AK US",2021/8/7,6.71,1600,0.12,61.5,65,58,290,290,16.1,18.1,1,,,,1,
USW00025333,"SITKA AIRPORT, AK US",2021/8/8,8.05,2007,0.76,60,63,57,200,110,18.1,31.1,,,,,,
USW00025333,"SITKA AIRPORT, AK US",2021/8/9,8.72,945,0.42,57,60,54,250,260,21,28,,,,,,
USW00025333,"SITKA AIRPORT, AK US",2021/8/10,10.51,1136,0.2,57.5,60,55,240,230,21.9,29.1,1,,,,1,
USW00025333,"SITKA AIRPORT, AK US",2021/8/11,5.59,2105,0.1,58,61,55,220,220,15,19.9,,,,,,
USW00025333,"SITKA AIRPORT, AK US",2021/8/12,5.82,2155,0.2,62,65,59,180,170,17,23,,,,,,
USW00025333,"SITKA AIRPORT, AK US",2021/8/13,11.18,818,1.68,60.5,64,57,170,170,25.1,36.9,,,,,,
USW00025333,"SITKA AIRPORT, AK US",2021/8/14,3.58,1744,0.27,56,60,52,220,230,10.1,13,,,,,,
USW00025333,"SITKA AIRPORT, AK US",2021/8/15,3.13,248,0.25,54.5,58,51,320,320,13,15,,,,,,
USW00025333,"SITKA AIRPORT, AK US",2021/8/16,6.26,1537,0,58.5,64,53,300,300,18.1,21,,,,,,
USW00025333,"SITKA AIRPORT, AK US",2021/8/17,7.38,1611,1.22,55.5,58,53,110,100,16.1,21.9,,,,,,
USW00025333,"SITKA AIRPORT, AK US",2021/8/18,5.82,1025,0.42,57.5,59,56,230,230,14.1,16.1,,,,,,
USW00025333,"SITKA AIRPORT, AK US",2021/8/19,2.91,1252,0,59,63,55,230,240,8.9,10.1,,,,,,
USW00025333,"SITKA AIRPORT, AK US",2021/8/20,5.59,1500,0.01,58,61,55,330,330,16.1,17,,,,,,
USW00025333,"SITKA AIRPORT, AK US",2021/8/21,7.16,1525,0.09,57.5,63,52,290,290,23,25.1,,,,,,
USW00025333,"SITKA AIRPORT, AK US",2021/8/22,4.47,1338,0,58.5,68,49,320,280,17,19.9,,,,,,
USW00025333,"SITKA AIRPORT, AK US",2021/8/23,3.36,1421,0,55.5,61,50,310,230,12.1,14.1,,,,,,
USW00025333,"SITKA AIRPORT, AK US",2021/8/24,6.49,554,0.75,57.5,59,56,220,220,18.1,23,,,,,,
USW00025333,"SITKA AIRPORT, AK US",2021/8/25,3.13,448,0,57.5,60,55,330,330,8.1,8.9,,,,,,
USW00025333,"SITKA AIRPORT, AK US",2021/8/26,5.59,1413,0.05,59,63,55,180,180,13,16.1,,,,,,
USW00025333,"SITKA AIRPORT, AK US",2021/8/27,8.5,2340,0.47,58,60,56,110,110,25.9,32,,,,,,
USW00025333,"SITKA AIRPORT, AK US",2021/8/28,11.41,146,1.64,55.5,60,51,110,110,23.9,31.1,,,,,,
USW00025333,"SITKA AIRPORT, AK US",2021/8/29,4.92,0,0,55,60,50,90,90,8.9,11,,,,,,
USW00025333,"SITKA AIRPORT, AK US",2021/8/30,9.62,1703,0,58.5,65,52,300,290,21,23,,,,,,
USW00025333,"SITKA AIRPORT, AK US",2021/8/31,7.38,56,0,60,64,56,330,330,14.1,17,,,,,,
USW00025333,"SITKA AIRPORT, AK US",2021/9/1,6.93,1410,0.18,58.5,61,56,190,210,15,19,,,,,,
USW00025333,"SITKA AIRPORT, AK US",2021/9/2,7.38,117,0.44,59.5,63,56,110,110,17,21.9,,,,,,
USW00025333,"SITKA AIRPORT, AK US",2021/9/3,5.82,1624,0.37,58.5,60,57,200,210,17,23.9,,,,,,
USW00025333,"SITKA AIRPORT, AK US",2021/9/4,3.58,2345,0.12,57.5,60,55,280,280,12.1,13,,,,,,
USW00025333,"SITKA AIRPORT, AK US",2021/9/5,8.5,542,0.58,57.5,59,56,220,210,15,18.1,,,,,,
USW00025333,"SITKA AIRPORT, AK US",2021/9/6,3.36,721,0.31,57.5,61,54,110,110,13,15,,,,,,
USW00025333,"SITKA AIRPORT, AK US",2021/9/7,5.82,907,0.49,59,64,54,110,40,18.1,23,,,,,,
USW00025333,"SITKA AIRPORT, AK US",2021/9/8,5.37,1615,0.19,57,60,54,290,290,17,19,,,,,,
USW00025333,"SITKA AIRPORT, AK US",2021/9/9,8.72,2351,0.11,57.5,61,54,130,120,23.9,32,,,,,,
USW00025333,"SITKA AIRPORT, AK US",2021/9/10,15.43,0,0.61,59,62,56,130,130,25.1,32,1,,,,,
USW00025333,"SITKA AIRPORT, AK US",2021/9/11,6.93,430,1.62,56.5,58,55,170,180,19.9,25.9,,,,,,
USW00025333,"SITKA AIRPORT, AK US",2021/9/12,6.93,1129,0.06,56,58,54,210,190,15,21,,,,,,
USW00025333,"SITKA AIRPORT, AK US",2021/9/13,9.62,506,0.29,54.5,58,51,110,100,21.9,29.1,,,,,,
USW00025333,"SITKA AIRPORT, AK US",2021/9/14,6.71,1459,0.44,51.5,55,48,260,260,21,25.1,,,,,,
USW00025333,"SITKA AIRPORT, AK US",2021/9/15,6.49,1238,0.24,51.5,55,48,220,220,18.1,21.9,,,,,,
USW00025333,"SITKA AIRPORT, AK US",2021/9/16,,,0.11,52.5,55,50,130,130,21.9,31.1,,,,,,
USW00025333,"SITKA AIRPORT, AK US",2021/9/17,8.28,2009,0.07,52,56,48,120,130,23.9,31.1,,,,,,
USW00025333,"SITKA AIRPORT, AK US",2021/9/18,1.12,1848,0.31,52,55,49,310,310,10.1,11,,,,,,
USW00025333,"SITKA AIRPORT, AK US",2021/9/19,2.91,2158,0,52.5,57,48,160,160,10.1,13,,,,,,
USW00025333,"SITKA AIRPORT, AK US",2021/9/20,16.11,839,0.43,54.5,58,51,100,110,33.1,44.1,,,,,,
USW00025333,"SITKA AIRPORT, AK US",2021/9/21,16.11,1912,0.73,52,57,47,250,260,31.1,40,,,,,,
USW00025333,"SITKA AIRPORT, AK US",2021/9/22,10.74,112,0.04,50,54,46,230,230,28,38,,,,,,
USW00025333,"SITKA AIRPORT, AK US",2021/9/23,15.88,741,0.46,56,60,52,100,100,29.1,38,,,,,,
USW00025333,"SITKA AIRPORT, AK US",2021/9/24,10.51,12,0.29,52,57,47,230,190,29.1,38,,,,,,
USW00025333,"SITKA AIRPORT, AK US",2021/9/25,4.03,347,0.11,49,53,45,100,100,12.1,14.1,,,,,,
USW00025333,"SITKA AIRPORT, AK US",2021/9/26,4.25,1552,0.07,50.5,58,43,130,120,13,16.1,,,,,,
USW00025333,"SITKA AIRPORT, AK US",2021/9/27,4.47,1507,0.4,48.5,51,46,300,310,15,16.1,,,,,,
USW00025333,"SITKA AIRPORT, AK US",2021/9/28,10.07,2253,0.03,49.5,55,44,100,100,23,31.1,,,,,,
USW00025333,"SITKA AIRPORT, AK US",2021/9/29,11.41,429,0.09,52,55,49,110,110,29.1,35.1,,,,,,
USW00025333,"SITKA AIRPORT, AK US",2021/9/30,10.29,2322,0.5,50,53,47,170,160,25.9,38,,,,,,
USW00025333,"SITKA AIRPORT, AK US",2021/10/1,22.82,1744,2.71,50,53,47,230,170,46.1,74.9,,,,,,
USW00025333,"SITKA AIRPORT, AK US",2021/10/2,13.87,0,0.49,46,52,40,230,240,45,55.9,,,,,1,
USW00025333,"SITKA AIRPORT, AK US",2021/10/3,6.71,1538,0.37,42.5,48,37,170,160,16.1,21,,,,,,
USW00025333,"SITKA AIRPORT, AK US",2021/10/4,3.8,1631,0,43,51,35,330,320,14.1,15,,,,,,
USW00025333,"SITKA AIRPORT, AK US",2021/10/5,5.37,1451,0,43,52,34,310,320,17,19.9,,,,,,
USW00025333,"SITKA AIRPORT, AK US",2021/10/6,4.92,2359,0.01,43,51,35,110,110,16.1,21,,,,,,
USW00025333,"SITKA AIRPORT, AK US",2021/10/7,11.41,926,0.27,49,52,46,110,110,23.9,30,,,,,,
USW00025333,"SITKA AIRPORT, AK US",2021/10/8,12.97,1825,0.75,48.5,51,46,100,100,28,35.1,,,,,,
USW00025333,"SITKA AIRPORT, AK US",2021/10/9,11.41,211,0.6,47,51,43,230,220,28,33.1,,,,1,1,
USW00025333,"SITKA AIRPORT, AK US",2021/10/10,5.59,105,0.08,47.5,52,43,100,100,13,14.1,,,,,,
USW00025333,"SITKA AIRPORT, AK US",2021/10/11,17.67,2119,0.93,46,48,44,110,110,42.9,53.9,,,,,,
USW00025333,"SITKA AIRPORT, AK US",2021/10/12,14.76,1533,0.93,46.5,51,42,230,230,29.1,35.1,,,,,,
USW00025333,"SITKA AIRPORT, AK US",2021/10/13,13.87,417,0.85,47.5,50,45,220,100,25.9,32,,,,,,
USW00025333,"SITKA AIRPORT, AK US",2021/10/14,9.4,329,0.87,43.5,49,38,220,220,21,25.9,,,,,,
USW00025333,"SITKA AIRPORT, AK US",2021/10/15,7.16,1556,0.19,43.5,49,38,110,160,14.1,19.9,,,,,,
USW00025333,"SITKA AIRPORT, AK US",2021/10/16,4.7,1620,0,41.5,48,35,330,330,14.1,15,,,,,,
USW00025333,"SITKA AIRPORT, AK US",2021/10/17,7.38,2046,0,40.5,48,33,110,110,21,25.1,,,,,,
USW00025333,"SITKA AIRPORT, AK US",2021/10/18,19.46,2101,0,49,52,46,110,130,32,46.1,,,,,,
USW00025333,"SITKA AIRPORT, AK US",2021/10/19,18.57,724,0,52.5,55,50,120,130,28,38,,,,,,
USW00025333,"SITKA AIRPORT, AK US",2021/10/20,14.99,151,0.06,51,56,46,110,110,28,40,,,,,,
USW00025333,"SITKA AIRPORT, AK US",2021/10/21,9.84,2003,0.06,50,56,44,130,120,21.9,27.1,,,,,,
USW00025333,"SITKA AIRPORT, AK US",2021/10/22,16.11,959,0.51,50.5,55,46,180,180,30,40.9,,,,,,
USW00025333,"SITKA AIRPORT, AK US",2021/10/23,11.86,313,0.06,46.5,51,42,140,130,23,30,,,,,,
USW00025333,"SITKA AIRPORT, AK US",2021/10/24,3.13,111,0,44.5,51,38,110,120,14.1,17,,,,,,
USW00025333,"SITKA AIRPORT, AK US",2021/10/25,2.46,828,0,42.5,49,36,110,100,8.1,10.1,,,,,,
USW00025333,"SITKA AIRPORT, AK US",2021/10/26,7.61,1144,0.08,47.5,52,43,110,100,17,23,,,,,,
USW00025333,"SITKA AIRPORT, AK US",2021/10/27,9.4,1520,1.46,42,47,37,220,160,25.1,32,,,,,,
USW00025333,"SITKA AIRPORT, AK US",2021/10/28,9.4,2339,0.23,40.5,44,37,110,100,23,27.1,,,,,,
USW00025333,"SITKA AIRPORT, AK US",2021/10/29,9.62,434,0.4,41,44,38,220,120,23,30,,,,,,
USW00025333,"SITKA AIRPORT, AK US",2021/10/30,8.72,1333,0,43.5,49,38,110,130,16.1,21,,,,,,
USW00025333,"SITKA AIRPORT, AK US",2021/10/31,6.71,2337,0,45,54,36,100,100,16.1,21.9,,,,,,
USW00025333,"SITKA AIRPORT, AK US",2021/11/1,10.96,2325,0,53,59,47,110,120,25.1,32,,,,,,
USW00025333,"SITKA AIRPORT, AK US",2021/11/2,14.99,1904,0.05,51,55,47,130,140,23.9,31.1,,,,,,
USW00025333,"SITKA AIRPORT, AK US",2021/11/3,6.93,21,0.27,42,48,36,250,180,18.1,21.9,,,,,,
USW00025333,"SITKA AIRPORT, AK US",2021/11/4,2.91,1749,0.26,40,46,34,130,130,15,19,,,,,,
USW00025333,"SITKA AIRPORT, AK US",2021/11/5,8.28,1108,0.03,45.5,50,41,120,130,18.1,21.9,,,,,,
USW00025333,"SITKA AIRPORT, AK US",2021/11/6,9.62,643,0.36,40,48,32,160,180,23.9,30,,,,,,
USW00025333,"SITKA AIRPORT, AK US",2021/11/7,6.93,2359,0,39.5,47,32,110,100,19.9,25.9,,,,,,
USW00025333,"SITKA AIRPORT, AK US",2021/11/8,10.96,2252,0,42.5,46,39,100,110,21.9,35.1,,,,,,
USW00025333,"SITKA AIRPORT, AK US",2021/11/9,6.49,325,0.29,41.5,45,38,110,100,23.9,34,,,,,,
USW00025333,"SITKA AIRPORT, AK US",2021/11/10,5.37,1041,0.03,39.5,44,35,100,120,10.1,13,,,,,,
USW00025333,"SITKA AIRPORT, AK US",2021/11/11,15.66,1827,0.05,41.5,47,36,120,120,25.9,35.1,,,,,,
USW00025333,"SITKA AIRPORT, AK US",2021/11/12,17,1405,0.91,42,47,37,250,240,36,48.1,,,,,1,
USW00025333,"SITKA AIRPORT, AK US",2021/11/13,6.26,244,0.24,36.5,41,32,80,130,14.1,17,,,,,,
USW00025333,"SITKA AIRPORT, AK US",2021/11/14,3.8,1833,0.21,37,42,32,190,190,17,23.9,,,,,,
USW00025333,"SITKA AIRPORT, AK US",2021/11/15,5.14,2356,0.08,34.5,39,30,80,90,13,15,,,,,,
USW00025333,"SITKA AIRPORT, AK US",2021/11/16,14.09,1725,0.56,40,46,34,230,180,30,42.1,,,,,,
USW00025333,"SITKA AIRPORT, AK US",2021/11/17,12.53,148,0.48,40.5,45,36,220,200,31.1,40,,,,,1,
USW00025333,"SITKA AIRPORT, AK US",2021/11/18,12.75,623,0.18,36.5,42,31,260,260,32,45,,,,,,
USW00025333,"SITKA AIRPORT, AK US",2021/11/19,4.92,100,0.03,32,36,28,180,170,13,17,,,,,,
USW00025333,"SITKA AIRPORT, AK US",2021/11/20,16.11,1515,0.26,36.5,46,27,100,100,36,49,,,,,,
USW00025333,"SITKA AIRPORT, AK US",2021/11/21,14.54,816,0.76,42.5,47,38,180,180,36,49,,,,,,
USW00025333,"SITKA AIRPORT, AK US",2021/11/22,9.84,901,0.21,38,42,34,290,290,25.1,30,,,,,,
USW00025333,"SITKA AIRPORT, AK US",2021/11/23,9.62,2352,0.29,36.5,40,33,110,100,23,32,,,,,,
USW00025333,"SITKA AIRPORT, AK US",2021/11/24,16.55,426,0.29,43,46,40,110,100,32,42.1,,,,,,
USW00025333,"SITKA AIRPORT, AK US",2021/11/25,11.86,2332,1.72,40.5,48,33,230,230,35.1,42.9,,,,,,
USW00025333,"SITKA AIRPORT, AK US",2021/11/26,10.51,348,0.18,36,39,33,240,220,33.1,45,,,,,,
USW00025333,"SITKA AIRPORT, AK US",2021/11/27,5.82,227,0.29,36.5,39,34,110,110,15,19,,,,,,
USW00025333,"SITKA AIRPORT, AK US",2021/11/28,9.62,2129,0.25,34,37,31,260,240,28,34,,,,,,
USW00025333,"SITKA AIRPORT, AK US",2021/11/29,13.87,1610,0.04,36.5,40,33,110,100,28,35.1,,,,,,
USW00025333,"SITKA AIRPORT, AK US",2021/11/30,11.86,1804,0.7,40,44,36,260,240,25.1,35.1,,,,,,
USW00025333,"SITKA AIRPORT, AK US",2021/12/1,15.21,1218,0.09,38.5,43,34,230,250,35.1,49,,,,,,
USW00025333,"SITKA AIRPORT, AK US",2021/12/2,9.84,1829,0.6,34.5,38,31,220,130,21,23.9,,,,,,
USW00025333,"SITKA AIRPORT, AK US",2021/12/3,6.49,537,0.06,28,33,23,120,110,16.1,21,,,,,,
USW00025333,"SITKA AIRPORT, AK US",2021/12/4,4.7,1230,0.02,27,33,21,130,130,10.1,12.1,,,,,,
USW00025333,"SITKA AIRPORT, AK US",2021/12/5,7.38,1226,0.01,33.5,37,30,110,110,16.1,21.9,,,,,,
USW00025333,"SITKA AIRPORT, AK US",2021/12/6,5.59,2355,0,32,37,27,100,100,21,25.1,,,,,,
USW00025333,"SITKA AIRPORT, AK US",2021/12/7,16.33,1246,0.34,39,43,35,250,250,31.1,38,,,,,,
USW00025333,"SITKA AIRPORT, AK US",2021/12/8,11.86,1231,0.23,37.5,40,35,260,270,23.9,30,,,,,,
USW00025333,"SITKA AIRPORT, AK US",2021/12/9,10.07,716,0.5,37.5,40,35,280,290,28,34,,,,,,
USW00025333,"SITKA AIRPORT, AK US",2021/12/10,14.32,1057,0.43,37,42,32,230,220,32,38,,,,,,
USW00025333,"SITKA AIRPORT, AK US",2021/12/11,9.4,2315,0.1,33,36,30,100,100,25.1,36,,,,,,
USW00025333,"SITKA AIRPORT, AK US",2021/12/12,10.96,7,0.01,34.5,37,32,110,110,25.1,36,,,,,,
USW00025333,"SITKA AIRPORT, AK US",2021/12/13,4.25,231,0,29,35,23,80,70,25.1,31.1,,,,,,
USW00025333,"SITKA AIRPORT, AK US",2021/12/14,4.03,1200,0,27,32,22,100,100,21,25.9,,,,,,
USW00025333,"SITKA AIRPORT, AK US",2021/12/15,2.68,2359,0.05,29,35,23,340,340,10.1,12.1,,,,,,
USW00025333,"SITKA AIRPORT, AK US",2021/12/16,4.7,2331,0.04,34,36,32,100,110,15,18.1,,,,,,
USW00025333,"SITKA AIRPORT, AK US",2021/12/17,6.71,952,0,36.5,39,34,110,120,16.1,19.9,,,,,,
USW00025333,"SITKA AIRPORT, AK US",2021/12/18,4.25,1349,0,32,38,26,340,330,15,18.1,,,,,,
USW00025333,"SITKA AIRPORT, AK US",2021/12/19,3.58,1324,0,32,39,25,310,320,12.1,14.1,,,,,,
USW00025333,"SITKA AIRPORT, AK US",2021/12/20,5.14,2254,0,30,37,23,120,130,12.1,13,,,,,,
USW00025333,"SITKA AIRPORT, AK US",2021/12/21,8.95,1949,0.89,36,39,33,20,40,25.1,36.9,,,,,,
USW00025333,"SITKA AIRPORT, AK US",2021/12/22,7.16,143,0,30,38,22,340,10,23,34,,,,,,
USW00025333,"SITKA AIRPORT, AK US",2021/12/23,5.14,2143,0.04,29,32,26,20,20,23.9,38,,,,,,
USW00025333,"SITKA AIRPORT, AK US",2021/12/24,9.84,1647,0,26,30,22,330,350,25.1,34,,,,,,
USW00025333,"SITKA AIRPORT, AK US",2021/12/25,4.7,111,0,21,26,16,20,10,21.9,36,,,,,,
USW00025333,"SITKA AIRPORT, AK US",2021/12/26,5.37,2343,0.01,24,31,17,100,100,16.1,21,,,,,,
USW00025333,"SITKA AIRPORT, AK US",2021/12/27,8.5,130,0.01,32,35,29,320,110,19.9,23,,,,,,
USW00025333,"SITKA AIRPORT, AK US",2021/12/28,4.25,2301,0,31,35,27,110,100,10.1,13,,,,,,
USW00025333,"SITKA AIRPORT, AK US",2021/12/29,10.07,1649,0.09,36,41,31,330,320,28,31.1,,,,,,
USW00025333,"SITKA AIRPORT, AK US",2021/12/30,3.36,1447,0,32,38,26,330,320,10.1,11,,,,,,
USW00025333,"SITKA AIRPORT, AK US",2021/12/31,12.53,1643,1,35,39,31,110,110,23.9,30,,,,,,
